{
	"info": {
		"_postman_id": "ff38366f-e312-4b5a-a40b-3903a788aa95",
		"name": "todos",
		"schema": "https://schema.getpostman.com/json/collection/v2.1.0/collection.json",
		"_exporter_id": "36945972"
	},
	"item": [
		{
			"name": "api",
			"request": {
				"method": "GET",
				"header": [],
				"url": {
					"raw": "http://0.0.0.0:8000/api",
					"protocol": "http",
					"host": [
						"0",
						"0",
						"0",
						"0"
					],
					"port": "8000",
					"path": [
						"api"
					]
				}
			},
			"response": []
		},
		{
			"name": "create",
			"request": {
				"method": "POST",
				"header": [],
				"body": {
					"mode": "raw",
					"raw": "{\n  \"title\": \"Вивчити TypeScript3\",\n  \"description\": \"Прочитати документацію та створити тестовий проект\"\n}",
					"options": {
						"raw": {
							"language": "json"
						}
					}
				},
				"url": {
					"raw": "http://0.0.0.0:8000/api/todos",
					"protocol": "http",
					"host": [
						"0",
						"0",
						"0",
						"0"
					],
					"port": "8000",
					"path": [
						"api",
						"todos"
					]
				}
			},
			"response": []
		},
		{
			"name": "gettodo",
			"request": {
				"method": "GET",
				"header": [],
				"url": {
					"raw": "http://0.0.0.0:8000/api/todos/ef852b6c-6c2f-4a4f-8276-8b09f08653c0",
					"protocol": "http",
					"host": [
						"0",
						"0",
						"0",
						"0"
					],
					"port": "8000",
					"path": [
						"api",
						"todos",
						"ef852b6c-6c2f-4a4f-8276-8b09f08653c0"
					]
				}
			},
			"response": []
		},
		{
			"name": "gettodos",
			"request": {
				"method": "GET",
				"header": [],
				"url": {
					"raw": "http://0.0.0.0:8000/api/todos",
					"protocol": "http",
					"host": [
						"0",
						"0",
						"0",
						"0"
					],
					"port": "8000",
					"path": [
						"api",
						"todos"
					],
					"query": [
						{
							"key": "status",
							"value": "completed",
							"disabled": true
						}
					]
				}
			},
			"response": []
		},
		{
			"name": "change-status",
			"request": {
				"method": "PATCH",
				"header": [],
				"body": {
					"mode": "raw",
					"raw": "{\n  \"status\": \"completed\"\n}",
					"options": {
						"raw": {
							"language": "json"
						}
					}
				},
				"url": {
					"raw": "http://0.0.0.0:8000/api/todos/81e31d99-5437-446c-9079-6ab6f4154d6f/status",
					"protocol": "http",
					"host": [
						"0",
						"0",
						"0",
						"0"
					],
					"port": "8000",
					"path": [
						"api",
						"todos",
						"81e31d99-5437-446c-9079-6ab6f4154d6f",
						"status"
					]
				}
			},
			"response": []
		},
		{
			"name": "deleteTodo",
			"request": {
				"method": "DELETE",
				"header": [],
				"url": {
					"raw": "http://0.0.0.0:8000/api/todos/81e31d99-5437-446c-9079-6ab6f4154d6f",
					"protocol": "http",
					"host": [
						"0",
						"0",
						"0",
						"0"
					],
					"port": "8000",
					"path": [
						"api",
						"todos",
						"81e31d99-5437-446c-9079-6ab6f4154d6f"
					]
				}
			},
			"response": []
		},
		{
			"name": "edit_todo",
			"request": {
				"method": "PUT",
				"header": [],
				"body": {
					"mode": "raw",
					"raw": "{\n  \"title\": \"Вивчити TypeScript (оновлено)\",\n  \"description\": \"Прочитати документацію, створити проект та написати тести\",\n  \"status\": \"in-progress\"\n}",
					"options": {
						"raw": {
							"language": "json"
						}
					}
				},
				"url": {
					"raw": "http://0.0.0.0:8000/api/todos/ef852b6c-6c2f-4a4f-8276-8b09f08653c0",
					"protocol": "http",
					"host": [
						"0",
						"0",
						"0",
						"0"
					],
					"port": "8000",
					"path": [
						"api",
						"todos",
						"ef852b6c-6c2f-4a4f-8276-8b09f08653c0"
					]
				}
			},
			"response": []
		}
	]
}